"Country","alpha_3","alpha_2","year","malaria","population","incidence","Life_Exp","sub_region","region_code"
"Afghanistan","AFG","AF",2010,15.9,28.8,191,61.2,"Asia","Southern Asia"
"Afghanistan","AFG","AF",2011,19.9,29.71,188.5,61.7,"Asia","Southern Asia"
"Afghanistan","AFG","AF",2012,11.8,30.7,188.9,62.1,"Asia","Southern Asia"
"Afghanistan","AFG","AF",2013,8.8,31.73,189.1,62.5,"Asia","Southern Asia"
"Afghanistan","AFG","AF",2014,11.3,32.76,189.3,62.9,"Asia","Southern Asia"
"Afghanistan","AFG","AF",2015,14.2,33.74,189.7,63.3,"Asia","Southern Asia"
"Afghanistan","AFG","AF",2016,23,34.66,187.5,63.7,"Asia","Southern Asia"
"Algeria","DZA","DZ",2010,0,36.12,77.5,74.7,"Africa","Northern Africa"
"Algeria","DZA","DZ",2011,0,36.82,73.3,74.9,"Africa","Northern Africa"
"Algeria","DZA","DZ",2012,0,37.57,71.9,75.2,"Africa","Northern Africa"
"Algeria","DZA","DZ",2013,0,38.34,67.8,75.4,"Africa","Northern Africa"
"Algeria","DZA","DZ",2014,0,39.11,71.6,75.6,"Africa","Northern Africa"
"Algeria","DZA","DZ",2015,0,39.87,75.2,75.9,"Africa","Northern Africa"
"Algeria","DZA","DZ",2016,0,40.61,71.4,76.1,"Africa","Northern Africa"
"Angola","AGO","AO",2010,133.8,23.37,385.1,58.2,"Africa","Middle Africa"
"Angola","AGO","AO",2011,125.5,24.22,384,59,"Africa","Middle Africa"
"Angola","AGO","AO",2012,124,25.1,378.5,59.8,"Africa","Middle Africa"
"Angola","AGO","AO",2013,130.2,26,376.9,60.4,"Africa","Middle Africa"
"Angola","AGO","AO",2014,140,26.92,371.5,60.9,"Africa","Middle Africa"
"Angola","AGO","AO",2015,154.5,27.86,369.7,61.2,"Africa","Middle Africa"
"Angola","AGO","AO",2016,155.7,28.81,371.4,61.5,"Africa","Middle Africa"
"Argentina","ARG","AR",2010,0.1,41.22,20.4,75.6,"Americas","South America"
"Argentina","ARG","AR",2011,0,41.66,26.4,75.8,"Americas","South America"
"Argentina","ARG","AR",2012,0,42.1,23.8,75.9,"Americas","South America"
"Argentina","ARG","AR",2013,0,42.54,23.5,76.1,"Americas","South America"
"Argentina","ARG","AR",2014,0,42.98,25.6,76.3,"Americas","South America"
"Argentina","ARG","AR",2015,0,43.42,25.3,76.4,"Americas","South America"
"Argentina","ARG","AR",2016,0,43.85,25.1,76.6,"Americas","South America"
"Azerbaijan","AZE","AZ",2010,0.2,9.03,104.1,71,"Asia","Western Asia"
"Azerbaijan","AZE","AZ",2011,0,9.15,120.2,71.3,"Asia","Western Asia"
"Azerbaijan","AZE","AZ",2012,0,9.26,86.4,71.5,"Asia","Western Asia"
"Azerbaijan","AZE","AZ",2013,0,9.39,77.7,71.7,"Asia","Western Asia"
"Azerbaijan","AZE","AZ",2014,0,9.5,75.8,71.8,"Asia","Western Asia"
"Azerbaijan","AZE","AZ",2015,0,9.62,70.7,71.9,"Asia","Western Asia"
"Azerbaijan","AZE","AZ",2016,0,9.73,65.8,72,"Asia","Western Asia"
"Bangladesh","BGD","BD",2010,7,152.15,221.5,70.2,"Asia","Southern Asia"
"Bangladesh","BGD","BD",2011,6.2,153.91,220.9,70.6,"Asia","Southern Asia"
"Bangladesh","BGD","BD",2012,2.1,155.73,220.9,71,"Asia","Southern Asia"
"Bangladesh","BGD","BD",2013,1.5,157.57,221.5,71.4,"Asia","Southern Asia"
"Bangladesh","BGD","BD",2014,3.1,159.41,221.4,71.8,"Asia","Southern Asia"
"Bangladesh","BGD","BD",2015,2.6,161.2,221.5,72.2,"Asia","Southern Asia"
"Bangladesh","BGD","BD",2016,1.8,162.95,220.9,72.5,"Asia","Southern Asia"
"Belize","BLZ","BZ",2010,0.7,0.32,53.1,69.7,"Americas","Central America"
"Belize","BLZ","BZ",2011,0.3,0.33,25.8,69.7,"Americas","Central America"
"Belize","BLZ","BZ",2012,0.1,0.34,28.5,69.8,"Americas","Central America"
"Belize","BLZ","BZ",2013,0.1,0.34,41.2,69.9,"Americas","Central America"
"Belize","BLZ","BZ",2014,0.1,0.35,23.7,70,"Americas","Central America"
"Belize","BLZ","BZ",2015,0,0.36,25,70.2,"Americas","Central America"
"Belize","BLZ","BZ",2016,0,0.37,37.8,70.4,"Americas","Central America"
"Benin","BEN","BJ",2010,403.7,9.2,68.5,59.3,"Africa","Western Africa"
"Benin","BEN","BJ",2011,371.6,9.46,67.7,59.6,"Africa","Western Africa"
"Benin","BEN","BJ",2012,340,9.73,65.8,59.9,"Africa","Western Africa"
"Benin","BEN","BJ",2013,321.8,10,64,60.1,"Africa","Western Africa"
"Benin","BEN","BJ",2014,329.3,10.29,61.2,60.4,"Africa","Western Africa"
"Benin","BEN","BJ",2015,358.1,10.58,60.5,60.6,"Africa","Western Africa"
"Benin","BEN","BJ",2016,368.6,10.87,58.9,60.9,"Africa","Western Africa"
"Bolivia (Plurinational State of)","BOL","BO",2010,4.4,9.92,131,66.4,"Americas","South America"
"Bolivia (Plurinational State of)","BOL","BO",2011,2.2,10.08,129,66.9,"Americas","South America"
"Bolivia (Plurinational State of)","BOL","BO",2012,2.5,10.24,127,67.5,"Americas","South America"
"Bolivia (Plurinational State of)","BOL","BO",2013,2.4,10.4,125,67.9,"Americas","South America"
"Bolivia (Plurinational State of)","BOL","BO",2014,2.4,10.56,123.1,68.4,"Americas","South America"
"Bolivia (Plurinational State of)","BOL","BO",2015,2,10.72,121.3,68.8,"Americas","South America"
"Bolivia (Plurinational State of)","BOL","BO",2016,1.6,10.89,110.2,69.1,"Americas","South America"
"Botswana","BWA","BW",2010,2.3,2.01,497.5,59.9,"Africa","Southern Africa"
"Botswana","BWA","BW",2011,0.5,2.05,478,61.2,"Africa","Southern Africa"
"Botswana","BWA","BW",2012,0.2,2.09,445,62.4,"Africa","Southern Africa"
"Botswana","BWA","BW",2013,0.5,2.13,413.1,63.6,"Africa","Southern Africa"
"Botswana","BWA","BW",2014,1.4,2.17,382.5,64.8,"Africa","Southern Africa"
"Botswana","BWA","BW",2015,0.4,2.21,357.5,65.8,"Africa","Southern Africa"
"Botswana","BWA","BW",2016,0.8,2.25,324.4,66.8,"Africa","Southern Africa"
"Brazil","BRA","BR",2010,9.6,196.8,43.7,73.8,"Americas","South America"
"Brazil","BRA","BR",2011,7,198.69,44.3,74.2,"Americas","South America"
"Brazil","BRA","BR",2012,6.3,200.56,41.9,74.5,"Americas","South America"
"Brazil","BRA","BR",2013,4.7,202.41,45.5,74.8,"Americas","South America"
"Brazil","BRA","BR",2014,3.5,204.21,42.6,75,"Americas","South America"
"Brazil","BRA","BR",2015,3.8,205.96,41.8,75.3,"Americas","South America"
"Brazil","BRA","BR",2016,3.2,207.65,41.9,75.5,"Americas","South America"
"Burkina Faso","BFA","BF",2010,591,15.61,58.3,57.1,"Africa","Western Africa"
"Burkina Faso","BFA","BF",2011,579.6,16.08,56.6,57.8,"Africa","Western Africa"
"Burkina Faso","BFA","BF",2012,556.9,16.57,55.5,58.4,"Africa","Western Africa"
"Burkina Faso","BFA","BF",2013,511.7,17.07,53.9,58.9,"Africa","Western Africa"
"Burkina Faso","BFA","BF",2014,469.6,17.59,53.4,59.5,"Africa","Western Africa"
"Burkina Faso","BFA","BF",2015,429,18.11,51.9,59.9,"Africa","Western Africa"
"Burkina Faso","BFA","BF",2016,411.6,18.65,50.4,60.4,"Africa","Western Africa"
"Burundi","BDI","BI",2010,183.5,8.77,148.2,54.9,"Africa","Eastern Africa"
"Burundi","BDI","BI",2011,171.1,9.04,143.8,55.3,"Africa","Eastern Africa"
"Burundi","BDI","BI",2012,161.1,9.32,128.8,55.8,"Africa","Eastern Africa"
"Burundi","BDI","BI",2013,160.3,9.6,125,56.3,"Africa","Eastern Africa"
"Burundi","BDI","BI",2014,170.7,9.89,121.3,56.7,"Africa","Eastern Africa"
"Burundi","BDI","BI",2015,191.9,10.2,117.6,57.1,"Africa","Eastern Africa"
"Burundi","BDI","BI",2016,195.1,10.52,114.1,57.5,"Africa","Eastern Africa"
"Cabo Verde","CPV","CV",2010,0.4,0.5,148,71.9,"Africa","Western Africa"
"Cabo Verde","CPV","CV",2011,0,0.51,145.1,72,"Africa","Western Africa"
"Cabo Verde","CPV","CV",2012,0,0.51,145.1,72.1,"Africa","Western Africa"
"Cabo Verde","CPV","CV",2013,0.2,0.52,142.3,72.3,"Africa","Western Africa"
"Cabo Verde","CPV","CV",2014,0.2,0.53,137.7,72.4,"Africa","Western Africa"
"Cabo Verde","CPV","CV",2015,0,0.53,139.6,72.6,"Africa","Western Africa"
"Cabo Verde","CPV","CV",2016,0.3,0.54,137,72.8,"Africa","Western Africa"
"Cambodia","KHM","KH",2010,35.7,14.31,433.3,66.6,"Asia","South-eastern Asia"
"Cambodia","KHM","KH",2011,36.7,14.54,426.4,67,"Asia","South-eastern Asia"
"Cambodia","KHM","KH",2012,25.5,14.78,412.7,67.5,"Asia","South-eastern Asia"
"Cambodia","KHM","KH",2013,16.3,15.02,399.5,67.9,"Asia","South-eastern Asia"
"Cambodia","KHM","KH",2014,22.9,15.27,392.9,68.3,"Asia","South-eastern Asia"
"Cambodia","KHM","KH",2015,20.5,15.52,367.3,68.6,"Asia","South-eastern Asia"
"Cambodia","KHM","KH",2016,11.4,15.76,342.6,69,"Asia","South-eastern Asia"
"Cameroon","CMR","CM",2010,268.5,19.97,260.4,55.4,"Africa","Middle Africa"
"Cameroon","CMR","CM",2011,266.2,20.52,248.5,55.8,"Africa","Middle Africa"
"Cameroon","CMR","CM",2012,292.6,21.08,241.9,56.2,"Africa","Middle Africa"
"Cameroon","CMR","CM",2013,321.4,21.66,235.5,56.7,"Africa","Middle Africa"
"Cameroon","CMR","CM",2014,327.5,22.24,220.3,57.1,"Africa","Middle Africa"
"Cameroon","CMR","CM",2015,316.3,22.83,210.2,57.6,"Africa","Middle Africa"
"Cameroon","CMR","CM",2016,306.2,23.44,204.8,58.1,"Africa","Middle Africa"
"Central African Republic","CAF","CF",2010,481.3,4.45,427,47.6,"Africa","Middle Africa"
"Central African Republic","CAF","CF",2011,473.3,4.48,401.8,48.3,"Africa","Middle Africa"
"Central African Republic","CAF","CF",2012,450.7,4.49,378.6,49,"Africa","Middle Africa"
"Central African Republic","CAF","CF",2013,419.1,4.5,355.6,49.8,"Africa","Middle Africa"
"Central African Republic","CAF","CF",2014,395.7,4.52,376.1,50.6,"Africa","Middle Africa"
"Central African Republic","CAF","CF",2015,386.8,4.55,395.6,51.4,"Africa","Middle Africa"
"Central African Republic","CAF","CF",2016,387.6,4.59,413.9,52.2,"Africa","Middle Africa"
"Chad","TCD","TD",2010,305.8,11.89,151.4,50.2,"Africa","Middle Africa"
"Chad","TCD","TD",2011,293.4,12.29,154.6,50.8,"Africa","Middle Africa"
"Chad","TCD","TD",2012,262.3,12.71,149.5,51.3,"Africa","Middle Africa"
"Chad","TCD","TD",2013,226.9,13.13,152.3,51.8,"Africa","Middle Africa"
"Chad","TCD","TD",2014,208.4,13.57,162.1,52.2,"Africa","Middle Africa"
"Chad","TCD","TD",2015,194.1,14.01,149.9,52.6,"Africa","Middle Africa"
"Chad","TCD","TD",2016,188.2,14.45,152.2,52.9,"Africa","Middle Africa"
"China","CHN","CN",2010,0,1359.76,76.5,75.2,"Asia","Eastern Asia"
"China","CHN","CN",2011,0,1367.48,75.3,75.4,"Asia","Eastern Asia"
"China","CHN","CN",2012,0,1375.2,74.2,75.6,"Asia","Eastern Asia"
"China","CHN","CN",2013,0,1382.79,70.4,75.8,"Asia","Eastern Asia"
"China","CHN","CN",2014,0,1390.11,67.8,75.9,"Asia","Eastern Asia"
"China","CHN","CN",2015,0,1397.03,65.7,76.1,"Asia","Eastern Asia"
"China","CHN","CN",2016,0,1403.5,63.8,76.3,"Asia","Eastern Asia"
"Colombia","COL","CO",2010,16.1,45.92,30.5,73.3,"Americas","South America"
"Colombia","COL","CO",2011,8.2,46.41,32.3,73.5,"Americas","South America"
"Colombia","COL","CO",2012,8.1,46.88,32,73.7,"Americas","South America"
"Colombia","COL","CO",2013,6.9,47.34,31.7,73.8,"Americas","South America"
"Colombia","COL","CO",2014,5.4,47.79,31.4,74,"Americas","South America"
"Colombia","COL","CO",2015,6.8,48.23,31.1,74.2,"Americas","South America"
"Colombia","COL","CO",2016,10.7,48.65,32.9,74.4,"Americas","South America"
"Comoros","COM","KM",2010,53,0.69,33.3,61.9,"Africa","Eastern Africa"
"Comoros","COM","KM",2011,35.2,0.71,33.8,62.2,"Africa","Eastern Africa"
"Comoros","COM","KM",2012,68.8,0.72,34.7,62.6,"Africa","Eastern Africa"
"Comoros","COM","KM",2013,71.7,0.74,33.8,62.9,"Africa","Eastern Africa"
"Comoros","COM","KM",2014,2.9,0.76,34.2,63.2,"Africa","Eastern Africa"
"Comoros","COM","KM",2015,1.7,0.78,34.6,63.5,"Africa","Eastern Africa"
"Comoros","COM","KM",2016,1.4,0.8,35,63.7,"Africa","Eastern Africa"
"Congo","COG","CG",2010,190.5,4.39,387.2,60.5,"Africa","Middle Africa"
"Congo","COG","CG",2011,190.8,4.51,376.9,61.4,"Africa","Middle Africa"
"Congo","COG","CG",2012,197.8,4.63,388.8,62.2,"Africa","Middle Africa"
"Congo","COG","CG",2013,205.4,4.75,378.9,62.9,"Africa","Middle Africa"
"Congo","COG","CG",2014,208.9,4.87,390.1,63.5,"Africa","Middle Africa"
"Congo","COG","CG",2015,209,5,380,64.1,"Africa","Middle Africa"
"Congo","COG","CG",2016,201.1,5.13,370.4,64.6,"Africa","Middle Africa"
"Costa Rica","CRI","CR",2010,0.1,4.55,13.6,78.8,"Americas","Central America"
"Costa Rica","CRI","CR",2011,0,4.6,13.9,78.9,"Americas","Central America"
"Costa Rica","CRI","CR",2012,0,4.65,12.7,79.1,"Americas","Central America"
"Costa Rica","CRI","CR",2013,0,4.71,10.8,79.3,"Americas","Central America"
"Costa Rica","CRI","CR",2014,0,4.76,12.2,79.4,"Americas","Central America"
"Costa Rica","CRI","CR",2015,0,4.81,11,79.6,"Americas","Central America"
"Costa Rica","CRI","CR",2016,0,4.86,9.5,79.8,"Americas","Central America"
"Côte d'Ivoire","CIV","CI",2010,389.2,20.4,196.1,50.4,"Africa","Western Africa"
"Côte d'Ivoire","CIV","CI",2011,360.2,20.9,186.6,50.9,"Africa","Western Africa"
"Côte d'Ivoire","CIV","CI",2012,275.9,21.42,177.4,51.5,"Africa","Western Africa"
"Côte d'Ivoire","CIV","CI",2013,197.2,21.97,168.4,52,"Africa","Western Africa"
"Côte d'Ivoire","CIV","CI",2014,159.5,22.53,164.2,52.5,"Africa","Western Africa"
"Côte d'Ivoire","CIV","CI",2015,146.9,23.11,160.1,53.1,"Africa","Western Africa"
"Côte d'Ivoire","CIV","CI",2016,140.1,23.7,151.9,53.6,"Africa","Western Africa"
"Democratic People's Republic of Korea","PRK","KP",2010,1.4,24.59,512.4,69.6,"Asia","Eastern Asia"
"Democratic People's Republic of Korea","PRK","KP",2011,1.7,24.72,513.8,70,"Asia","Eastern Asia"
"Democratic People's Republic of Korea","PRK","KP",2012,2.2,24.85,511.1,70.4,"Asia","Eastern Asia"
"Democratic People's Republic of Korea","PRK","KP",2013,1.5,24.99,512.2,70.8,"Asia","Eastern Asia"
"Democratic People's Republic of Korea","PRK","KP",2014,1.1,25.12,513.5,71.2,"Asia","Eastern Asia"
"Democratic People's Republic of Korea","PRK","KP",2015,0.1,25.24,511.1,71.5,"Asia","Eastern Asia"
"Democratic People's Republic of Korea","PRK","KP",2016,0.3,25.37,512.4,71.7,"Asia","Eastern Asia"
"Democratic Republic of the Congo","COD","CD",2010,367.2,64.52,327,56.9,"Africa","Middle Africa"
"Democratic Republic of the Congo","COD","CD",2011,337.8,66.71,326.8,57.4,"Africa","Middle Africa"
"Democratic Republic of the Congo","COD","CD",2012,323,68.98,326.2,57.9,"Africa","Middle Africa"
"Democratic Republic of the Congo","COD","CD",2013,315.3,71.32,325.3,58.3,"Africa","Middle Africa"
"Democratic Republic of the Congo","COD","CD",2014,312.4,73.72,325.6,58.8,"Africa","Middle Africa"
"Democratic Republic of the Congo","COD","CD",2015,317.1,76.2,324.1,59.2,"Africa","Middle Africa"
"Democratic Republic of the Congo","COD","CD",2016,310.6,78.74,322.6,59.6,"Africa","Middle Africa"
"Djibouti","DJI","DJ",2010,1.7,0.85,611.8,60.4,"Africa","Eastern Africa"
"Djibouti","DJI","DJ",2011,1.4,0.87,528.7,60.9,"Africa","Eastern Africa"
"Djibouti","DJI","DJ",2012,1.4,0.88,488.6,61.3,"Africa","Eastern Africa"
"Djibouti","DJI","DJ",2013,1.6,0.9,444.4,61.7,"Africa","Eastern Africa"
"Djibouti","DJI","DJ",2014,1.8,0.91,307.7,62,"Africa","Eastern Africa"
"Djibouti","DJI","DJ",2015,2.3,0.93,365.6,62.3,"Africa","Eastern Africa"
"Djibouti","DJI","DJ",2016,0,0.94,340.4,62.5,"Africa","Eastern Africa"
"Dominican Republic","DOM","DO",2010,0.8,9.9,67.7,72.7,"Americas","Caribbean"
"Dominican Republic","DOM","DO",2011,0.4,10.03,64.8,72.9,"Americas","Caribbean"
"Dominican Republic","DOM","DO",2012,0.2,10.15,62.1,73.1,"Americas","Caribbean"
"Dominican Republic","DOM","DO",2013,0.1,10.28,59.3,73.3,"Americas","Caribbean"
"Dominican Republic","DOM","DO",2014,0.1,10.41,59.6,73.5,"Americas","Caribbean"
"Dominican Republic","DOM","DO",2015,0.1,10.53,59.8,73.7,"Americas","Caribbean"
"Dominican Republic","DOM","DO",2016,0.2,10.65,60.1,73.9,"Americas","Caribbean"
"Ecuador","ECU","EC",2010,4.3,14.93,58.9,75,"Americas","South America"
"Ecuador","ECU","EC",2011,2.8,15.18,58.6,75.2,"Americas","South America"
"Ecuador","ECU","EC",2012,1.2,15.42,59,75.4,"Americas","South America"
"Ecuador","ECU","EC",2013,0.8,15.66,56.2,75.7,"Americas","South America"
"Ecuador","ECU","EC",2014,0.5,15.9,54.1,75.9,"Americas","South America"
"Ecuador","ECU","EC",2015,1.3,16.14,52,76.1,"Americas","South America"
"Ecuador","ECU","EC",2016,2.5,16.39,50,76.3,"Americas","South America"
"El Salvador","SLV","SV",2010,0,6.16,34.1,71.9,"Americas","Central America"
"El Salvador","SLV","SV",2011,0,6.19,38.8,72.2,"Americas","Central America"
"El Salvador","SLV","SV",2012,0,6.22,41.8,72.5,"Americas","Central America"
"El Salvador","SLV","SV",2013,0,6.25,43.2,72.8,"Americas","Central America"
"El Salvador","SLV","SV",2014,0,6.28,44.6,73,"Americas","Central America"
"El Salvador","SLV","SV",2015,0,6.31,49.1,73.3,"Americas","Central America"
"El Salvador","SLV","SV",2016,0,6.34,59.9,73.5,"Americas","Central America"
"Equatorial Guinea","GNQ","GQ",2010,401.3,0.95,126.3,55.9,"Africa","Middle Africa"
"Equatorial Guinea","GNQ","GQ",2011,484.1,0.99,141.4,56.3,"Africa","Middle Africa"
"Equatorial Guinea","GNQ","GQ",2012,471.9,1.04,144.2,56.6,"Africa","Middle Africa"
"Equatorial Guinea","GNQ","GQ",2013,458.2,1.08,157.4,56.9,"Africa","Middle Africa"
"Equatorial Guinea","GNQ","GQ",2014,366,1.13,159.3,57.2,"Africa","Middle Africa"
"Equatorial Guinea","GNQ","GQ",2015,356.3,1.18,169.5,57.4,"Africa","Middle Africa"
"Equatorial Guinea","GNQ","GQ",2016,349.9,1.22,180.3,57.7,"Africa","Middle Africa"
"Eritrea","ERI","ER",2010,19,4.39,107.1,62.2,"Africa","Eastern Africa"
"Eritrea","ERI","ER",2011,17.1,4.47,111.9,62.7,"Africa","Eastern Africa"
"Eritrea","ERI","ER",2012,11.5,4.56,114,63.2,"Africa","Eastern Africa"
"Eritrea","ERI","ER",2013,10.6,4.65,101.1,63.7,"Africa","Eastern Africa"
"Eritrea","ERI","ER",2014,23.1,4.75,82.1,64.2,"Africa","Eastern Africa"
"Eritrea","ERI","ER",2015,13.2,4.85,70.1,64.6,"Africa","Eastern Africa"
"Eritrea","ERI","ER",2016,17.5,4.95,74.7,65.1,"Africa","Eastern Africa"
"Ethiopia","ETH","ET",2010,129.1,87.7,268,61.6,"Africa","Eastern Africa"
"Ethiopia","ETH","ET",2011,83.2,90.05,253.2,62.5,"Africa","Eastern Africa"
"Ethiopia","ETH","ET",2012,83.3,92.44,239.1,63.3,"Africa","Eastern Africa"
"Ethiopia","ETH","ET",2013,80.2,94.89,224.5,64,"Africa","Eastern Africa"
"Ethiopia","ETH","ET",2014,57.8,97.37,206.4,64.5,"Africa","Eastern Africa"
"Ethiopia","ETH","ET",2015,53.5,99.87,192.2,65,"Africa","Eastern Africa"
"Ethiopia","ETH","ET",2016,42,102.4,177.7,65.5,"Africa","Eastern Africa"
"Gabon","GAB","GA",2010,174.2,1.64,475.6,62.9,"Africa","Middle Africa"
"Gabon","GAB","GA",2011,182.1,1.7,452.9,63.5,"Africa","Middle Africa"
"Gabon","GAB","GA",2012,185.6,1.76,437.5,64.1,"Africa","Middle Africa"
"Gabon","GAB","GA",2013,186.6,1.82,423.1,64.7,"Africa","Middle Africa"
"Gabon","GAB","GA",2014,182.1,1.88,441.5,65.2,"Africa","Middle Africa"
"Gabon","GAB","GA",2015,172.6,1.93,466.3,65.7,"Africa","Middle Africa"
"Gabon","GAB","GA",2016,169.1,1.98,484.8,66.1,"Africa","Middle Africa"
"Gambia","GMB","GM",2010,275.1,1.69,177.5,59.6,"Africa","Western Africa"
"Gambia","GMB","GM",2011,277,1.75,177.1,59.9,"Africa","Western Africa"
"Gambia","GMB","GM",2012,295.1,1.8,172.2,60.2,"Africa","Western Africa"
"Gambia","GMB","GM",2013,253.8,1.86,172,60.5,"Africa","Western Africa"
"Gambia","GMB","GM",2014,152,1.92,171.9,60.7,"Africa","Western Africa"
"Gambia","GMB","GM",2015,208.6,1.98,171.7,61,"Africa","Western Africa"
"Gambia","GMB","GM",2016,124.6,2.04,171.6,61.2,"Africa","Western Africa"
"Georgia","GEO","GE",2010,0,4.23,127.7,72.6,"Asia","Western Asia"
"Georgia","GEO","GE",2011,0,4.17,122.3,72.7,"Asia","Western Asia"
"Georgia","GEO","GE",2012,0,4.11,119.2,72.7,"Asia","Western Asia"
"Georgia","GEO","GE",2013,0,4.05,116,72.8,"Asia","Western Asia"
"Georgia","GEO","GE",2014,0,3.99,105.3,73,"Asia","Western Asia"
"Georgia","GEO","GE",2015,0,3.95,98.7,73.1,"Asia","Western Asia"
"Georgia","GEO","GE",2016,0,3.93,91.6,73.3,"Asia","Western Asia"
"Ghana","GHA","GH",2010,374.1,24.51,183.6,60.9,"Africa","Western Africa"
"Ghana","GHA","GH",2011,368.2,25.12,179.1,61.3,"Africa","Western Africa"
"Ghana","GHA","GH",2012,349.9,25.73,171,61.6,"Africa","Western Africa"
"Ghana","GHA","GH",2013,324.6,26.35,167,61.9,"Africa","Western Africa"
"Ghana","GHA","GH",2014,300.9,26.96,166.9,62.2,"Africa","Western Africa"
"Ghana","GHA","GH",2015,272.4,27.58,159.5,62.4,"Africa","Western Africa"
"Ghana","GHA","GH",2016,271.3,28.21,156,62.7,"Africa","Western Africa"
"Guatemala","GTM","GT",2010,0.9,14.63,28.7,71.5,"Americas","Central America"
"Guatemala","GTM","GT",2011,0.8,14.95,25.4,71.9,"Americas","Central America"
"Guatemala","GTM","GT",2012,0.6,15.27,28.2,72.2,"Americas","Central America"
"Guatemala","GTM","GT",2013,0.7,15.6,26.3,72.6,"Americas","Central America"
"Guatemala","GTM","GT",2014,0.6,15.92,25.1,72.9,"Americas","Central America"
"Guatemala","GTM","GT",2015,0.7,16.25,25.8,73.2,"Americas","Central America"
"Guatemala","GTM","GT",2016,0.5,16.58,24.1,73.4,"Americas","Central America"
"Guinea","GIN","GN",2010,402.8,10.79,185.4,56.8,"Africa","Western Africa"
"Guinea","GIN","GN",2011,403.8,11.04,181.2,57.3,"Africa","Western Africa"
"Guinea","GIN","GN",2012,394.7,11.28,177.3,57.8,"Africa","Western Africa"
"Guinea","GIN","GN",2013,376.6,11.54,173.3,58.3,"Africa","Western Africa"
"Guinea","GIN","GN",2014,360.5,11.81,177.8,58.8,"Africa","Western Africa"
"Guinea","GIN","GN",2015,347.8,12.09,173.7,59.4,"Africa","Western Africa"
"Guinea","GIN","GN",2016,338.6,12.4,177.4,60,"Africa","Western Africa"
"Guinea-Bissau","GNB","GW",2010,78.4,1.56,371.8,55,"Africa","Western Africa"
"Guinea-Bissau","GNB","GW",2011,71.2,1.6,375,55.4,"Africa","Western Africa"
"Guinea-Bissau","GNB","GW",2012,62.9,1.64,384.1,55.8,"Africa","Western Africa"
"Guinea-Bissau","GNB","GW",2013,60.9,1.68,386.9,56.2,"Africa","Western Africa"
"Guinea-Bissau","GNB","GW",2014,60.2,1.73,369.9,56.6,"Africa","Western Africa"
"Guinea-Bissau","GNB","GW",2015,60.1,1.77,372.9,57,"Africa","Western Africa"
"Guinea-Bissau","GNB","GW",2016,58.1,1.82,373.6,57.4,"Africa","Western Africa"
"Guyana","GUY","GY",2010,43.7,0.75,118.7,66,"Americas","South America"
"Guyana","GUY","GY",2011,54.6,0.75,118.7,66.1,"Americas","South America"
"Guyana","GUY","GY",2012,57.5,0.75,125.3,66.2,"Americas","South America"
"Guyana","GUY","GY",2013,75.1,0.76,111.8,66.3,"Americas","South America"
"Guyana","GUY","GY",2014,28.9,0.76,89.5,66.4,"Americas","South America"
"Guyana","GUY","GY",2015,23.2,0.77,92.2,66.5,"Americas","South America"
"Guyana","GUY","GY",2016,28.6,0.77,93.5,66.7,"Americas","South America"
"Haiti","HTI","HT",2010,9.3,10,230,61.3,"Americas","Caribbean"
"Haiti","HTI","HT",2011,8.8,10.15,216.7,61.7,"Americas","Caribbean"
"Haiti","HTI","HT",2012,6.3,10.29,213.8,62.1,"Americas","Caribbean"
"Haiti","HTI","HT",2013,5.2,10.43,210.9,62.4,"Americas","Caribbean"
"Haiti","HTI","HT",2014,3.4,10.57,198.7,62.8,"Americas","Caribbean"
"Haiti","HTI","HT",2015,3.3,10.71,196.1,63.1,"Americas","Caribbean"
"Haiti","HTI","HT",2016,3.6,10.85,184.3,63.3,"Americas","Caribbean"
"Honduras","HND","HN",2010,1.8,8.19,44,72.4,"Americas","Central America"
"Honduras","HND","HN",2011,1.3,8.35,47.9,72.6,"Americas","Central America"
"Honduras","HND","HN",2012,1.1,8.51,44.7,72.8,"Americas","Central America"
"Honduras","HND","HN",2013,0.9,8.66,42.7,73,"Americas","Central America"
"Honduras","HND","HN",2014,0.6,8.81,39.7,73.2,"Americas","Central America"
"Honduras","HND","HN",2015,0.6,8.96,40.2,73.4,"Americas","Central America"
"Honduras","HND","HN",2016,0.7,9.11,39.5,73.6,"Americas","Central America"
"India","IND","IN",2010,17.8,1230.98,247.8,66.6,"Asia","Southern Asia"
"India","IND","IN",2011,15,1247.24,240.5,67,"Asia","Southern Asia"
"India","IND","IN",2012,12.1,1263.07,234.3,67.4,"Asia","Southern Asia"
"India","IND","IN",2013,9.4,1278.56,228.4,67.7,"Asia","Southern Asia"
"India","IND","IN",2014,9.4,1293.86,222.6,68,"Asia","Southern Asia"
"India","IND","IN",2015,10,1309.05,217,68.3,"Asia","Southern Asia"
"India","IND","IN",2016,10.2,1324.17,210.7,68.6,"Asia","Southern Asia"
"Indonesia","IDN","ID",2010,11.3,242.52,416.5,68.2,"Asia","South-eastern Asia"
"Indonesia","IDN","ID",2011,10.1,245.71,411.1,68.3,"Asia","South-eastern Asia"
"Indonesia","IDN","ID",2012,9.9,248.88,405.8,68.5,"Asia","South-eastern Asia"
"Indonesia","IDN","ID",2013,8.1,252.03,404.7,68.7,"Asia","South-eastern Asia"
"Indonesia","IDN","ID",2014,5.8,255.13,399.8,68.9,"Asia","South-eastern Asia"
"Indonesia","IDN","ID",2015,5,258.16,395.1,69,"Asia","South-eastern Asia"
"Indonesia","IDN","ID",2016,5,261.12,390.6,69.2,"Asia","South-eastern Asia"
"Iran (Islamic Republic of)","IRN","IR",2010,2.4,74.57,17.4,73.9,"Asia","Southern Asia"
"Iran (Islamic Republic of)","IRN","IR",2011,2.1,75.49,18.5,74.4,"Asia","Southern Asia"
"Iran (Islamic Republic of)","IRN","IR",2012,1,76.45,18.3,74.8,"Asia","Southern Asia"
"Iran (Islamic Republic of)","IRN","IR",2013,0.6,77.44,18.1,75.2,"Asia","Southern Asia"
"Iran (Islamic Republic of)","IRN","IR",2014,0.4,78.41,16.6,75.5,"Asia","Southern Asia"
"Iran (Islamic Republic of)","IRN","IR",2015,0.2,79.36,16.4,75.7,"Asia","Southern Asia"
"Iran (Islamic Republic of)","IRN","IR",2016,0.1,80.28,14.9,76,"Asia","Southern Asia"
"Iraq","IRQ","IQ",2010,0,30.76,45.5,68.5,"Asia","Western Asia"
"Iraq","IRQ","IQ",2011,0,31.73,44.1,68.7,"Asia","Western Asia"
"Iraq","IRQ","IQ",2012,0,32.78,45.8,69,"Asia","Western Asia"
"Iraq","IRQ","IQ",2013,0,33.88,44.3,69.2,"Asia","Western Asia"
"Iraq","IRQ","IQ",2014,0,35.01,42.8,69.5,"Asia","Western Asia"
"Iraq","IRQ","IQ",2015,0,36.12,44.3,69.7,"Asia","Western Asia"
"Iraq","IRQ","IQ",2016,0,37.2,43,69.9,"Asia","Western Asia"
"Kenya","KEN","KE",2010,68.8,41.35,529.6,62.9,"Africa","Eastern Africa"
"Kenya","KEN","KE",2011,69,42.49,506,64,"Africa","Eastern Africa"
"Kenya","KEN","KE",2012,74.5,43.65,471.9,64.9,"Africa","Eastern Africa"
"Kenya","KEN","KE",2013,83.8,44.83,443.9,65.7,"Africa","Eastern Africa"
"Kenya","KEN","KE",2014,85.1,46.02,423.7,66.2,"Africa","Eastern Africa"
"Kenya","KEN","KE",2015,73.2,47.24,381,66.7,"Africa","Eastern Africa"
"Kenya","KEN","KE",2016,71.2,48.46,348.7,67,"Africa","Eastern Africa"
"Lao People's Democratic Republic","LAO","LA",2010,12.5,6.25,224,64.4,"Asia","South-eastern Asia"
"Lao People's Democratic Republic","LAO","LA",2011,11.1,6.33,205.4,64.8,"Asia","South-eastern Asia"
"Lao People's Democratic Republic","LAO","LA",2012,29.4,6.42,202.5,65.2,"Asia","South-eastern Asia"
"Lao People's Democratic Republic","LAO","LA",2013,23.9,6.49,200.3,65.6,"Asia","South-eastern Asia"
"Lao People's Democratic Republic","LAO","LA",2014,30.7,6.58,182.4,66,"Asia","South-eastern Asia"
"Lao People's Democratic Republic","LAO","LA",2015,22.9,6.66,180.2,66.3,"Asia","South-eastern Asia"
"Lao People's Democratic Republic","LAO","LA",2016,8,6.76,177.5,66.7,"Asia","South-eastern Asia"
"Liberia","LBR","LR",2010,328.2,3.95,303.8,59.6,"Africa","Western Africa"
"Liberia","LBR","LR",2011,307.9,4.07,294.8,60.2,"Africa","Western Africa"
"Liberia","LBR","LR",2012,247.1,4.18,311,60.6,"Africa","Western Africa"
"Liberia","LBR","LR",2013,211.7,4.29,303,61.1,"Africa","Western Africa"
"Liberia","LBR","LR",2014,199.8,4.39,318.9,61.5,"Africa","Western Africa"
"Liberia","LBR","LR",2015,200.8,4.5,311.1,62,"Africa","Western Africa"
"Liberia","LBR","LR",2016,194.8,4.61,303.7,62.5,"Africa","Western Africa"
"Madagascar","MDG","MG",2010,44.3,21.15,241.1,63.4,"Africa","Eastern Africa"
"Madagascar","MDG","MG",2011,38.7,21.74,239.2,63.8,"Africa","Eastern Africa"
"Madagascar","MDG","MG",2012,81.7,22.35,237.1,64.3,"Africa","Eastern Africa"
"Madagascar","MDG","MG",2013,79,22.96,235.2,64.7,"Africa","Eastern Africa"
"Madagascar","MDG","MG",2014,55.3,23.59,233.1,65.1,"Africa","Eastern Africa"
"Madagascar","MDG","MG",2015,117.2,24.23,235.2,65.5,"Africa","Eastern Africa"
"Madagascar","MDG","MG",2016,68,24.89,237,65.9,"Africa","Eastern Africa"
"Malawi","MWI","MW",2010,303.4,15.17,329.6,57.3,"Africa","Eastern Africa"
"Malawi","MWI","MW",2011,286.4,15.63,313.5,58.7,"Africa","Eastern Africa"
"Malawi","MWI","MW",2012,268.2,16.1,291.9,59.9,"Africa","Eastern Africa"
"Malawi","MWI","MW",2013,251.5,16.58,259.3,61,"Africa","Eastern Africa"
"Malawi","MWI","MW",2014,243.8,17.07,228.5,61.9,"Africa","Eastern Africa"
"Malawi","MWI","MW",2015,233.4,17.57,193.5,62.7,"Africa","Eastern Africa"
"Malawi","MWI","MW",2016,233.4,18.09,160.3,63.2,"Africa","Eastern Africa"
"Malaysia","MYS","MY",2010,4.6,28.11,74.7,74.2,"Asia","South-eastern Asia"
"Malaysia","MYS","MY",2011,3.5,28.64,80.3,74.4,"Asia","South-eastern Asia"
"Malaysia","MYS","MY",2012,3.1,29.17,85.7,74.6,"Asia","South-eastern Asia"
"Malaysia","MYS","MY",2013,2.5,29.71,90.9,74.8,"Asia","South-eastern Asia"
"Malaysia","MYS","MY",2014,2.6,30.23,92.6,75,"Asia","South-eastern Asia"
"Malaysia","MYS","MY",2015,0.2,30.72,87.9,75.1,"Asia","South-eastern Asia"
"Malaysia","MYS","MY",2016,0.2,31.19,93,75.3,"Asia","South-eastern Asia"
"Mali","MLI","ML",2010,382.9,15.08,63,55.2,"Africa","Western Africa"
"Mali","MLI","ML",2011,404.1,15.54,61.8,55.7,"Africa","Western Africa"
"Mali","MLI","ML",2012,434.9,16.01,60.6,56.1,"Africa","Western Africa"
"Mali","MLI","ML",2013,452.1,16.48,60.1,56.6,"Africa","Western Africa"
"Mali","MLI","ML",2014,440.3,16.96,57.8,57,"Africa","Western Africa"
"Mali","MLI","ML",2015,391.2,17.47,57.2,57.5,"Africa","Western Africa"
"Mali","MLI","ML",2016,383.6,17.99,55.6,58,"Africa","Western Africa"
"Mauritania","MRT","MR",2010,35.6,3.61,135.7,62,"Africa","Western Africa"
"Mauritania","MRT","MR",2011,46.2,3.72,129,62.3,"Africa","Western Africa"
"Mauritania","MRT","MR",2012,27.6,3.83,120.1,62.5,"Africa","Western Africa"
"Mauritania","MRT","MR",2013,32.2,3.95,113.9,62.7,"Africa","Western Africa"
"Mauritania","MRT","MR",2014,47.7,4.06,110.8,62.9,"Africa","Western Africa"
"Mauritania","MRT","MR",2015,59.8,4.18,107.7,63.1,"Africa","Western Africa"
"Mauritania","MRT","MR",2016,69.4,4.3,102.3,63.2,"Africa","Western Africa"
"Mexico","MEX","MX",2010,0.5,117.32,21.3,76.1,"Americas","Central America"
"Mexico","MEX","MX",2011,0.4,119.09,21,76.3,"Americas","Central America"
"Mexico","MEX","MX",2012,0.3,120.83,21.5,76.4,"Americas","Central America"
"Mexico","MEX","MX",2013,0.2,122.54,21.2,76.6,"Americas","Central America"
"Mexico","MEX","MX",2014,0.2,124.22,20.9,76.8,"Americas","Central America"
"Mexico","MEX","MX",2015,0.2,125.89,21.4,76.9,"Americas","Central America"
"Mexico","MEX","MX",2016,0.2,127.54,22,77.1,"Americas","Central America"
"Mozambique","MOZ","MZ",2010,349.1,24.22,545,54.7,"Africa","Eastern Africa"
"Mozambique","MOZ","MZ",2011,358.1,24.94,549.3,55.3,"Africa","Eastern Africa"
"Mozambique","MOZ","MZ",2012,373,25.68,549.1,55.9,"Africa","Eastern Africa"
"Mozambique","MOZ","MZ",2013,364.8,26.43,552.4,56.5,"Africa","Eastern Africa"
"Mozambique","MOZ","MZ",2014,346.4,27.21,551.3,57.1,"Africa","Eastern Africa"
"Mozambique","MOZ","MZ",2015,339,28.01,549.8,57.7,"Africa","Eastern Africa"
"Mozambique","MOZ","MZ",2016,338.3,28.83,551.5,58.3,"Africa","Eastern Africa"
"Myanmar","MMR","MM",2010,67.6,50.16,384.8,65.2,"Asia","South-eastern Asia"
"Myanmar","MMR","MM",2011,44,50.55,379.8,65.5,"Asia","South-eastern Asia"
"Myanmar","MMR","MM",2012,62.5,50.99,376.5,65.8,"Asia","South-eastern Asia"
"Myanmar","MMR","MM",2013,23.2,51.45,373.2,66.1,"Asia","South-eastern Asia"
"Myanmar","MMR","MM",2014,15.5,51.92,369.8,66.3,"Asia","South-eastern Asia"
"Myanmar","MMR","MM",2015,13.6,52.4,364.5,66.5,"Asia","South-eastern Asia"
"Myanmar","MMR","MM",2016,8.3,52.89,361.1,66.6,"Asia","South-eastern Asia"
"Nepal","NPL","NP",2010,3.9,27.02,162.8,67.9,"Asia","Southern Asia"
"Nepal","NPL","NP",2011,3,27.33,161,68.3,"Asia","Southern Asia"
"Nepal","NPL","NP",2012,1.6,27.65,159.1,68.7,"Asia","Southern Asia"
"Nepal","NPL","NP",2013,1.3,27.99,160.8,69.1,"Asia","Southern Asia"
"Nepal","NPL","NP",2014,0.6,28.32,158.9,69.5,"Asia","Southern Asia"
"Nepal","NPL","NP",2015,0.5,28.66,157,69.9,"Asia","Southern Asia"
"Nepal","NPL","NP",2016,0.3,28.98,155.3,70.3,"Asia","Southern Asia"
"Nicaragua","NIC","NI",2010,0.4,5.74,54,73.7,"Americas","Central America"
"Nicaragua","NIC","NI",2011,0.5,5.81,58.5,74,"Americas","Central America"
"Nicaragua","NIC","NI",2012,0.6,5.88,59.5,74.3,"Americas","Central America"
"Nicaragua","NIC","NI",2013,0.6,5.95,57.1,74.6,"Americas","Central America"
"Nicaragua","NIC","NI",2014,0.5,6.01,54.9,74.9,"Americas","Central America"
"Nicaragua","NIC","NI",2015,1.1,6.08,51,75.1,"Americas","Central America"
"Nicaragua","NIC","NI",2016,2.9,6.15,47.2,75.4,"Americas","Central America"
"Niger","NER","NE",2010,426.6,16.43,115.6,56.8,"Africa","Western Africa"
"Niger","NER","NE",2011,429.1,17.06,111.4,57.5,"Africa","Western Africa"
"Niger","NER","NE",2012,432.1,17.73,107.2,58.2,"Africa","Western Africa"
"Niger","NER","NE",2013,422.3,18.43,103.1,58.7,"Africa","Western Africa"
"Niger","NER","NE",2014,402.2,19.15,99.2,59.2,"Africa","Western Africa"
"Niger","NER","NE",2015,371.8,19.9,95.5,59.7,"Africa","Western Africa"
"Niger","NER","NE",2016,360.8,20.67,91.9,60.1,"Africa","Western Africa"
"Nigeria","NGA","NG",2010,383.1,158.58,218.8,50.8,"Africa","Western Africa"
"Nigeria","NGA","NG",2011,371.6,162.88,219.2,51.3,"Africa","Western Africa"
"Nigeria","NGA","NG",2012,368.1,167.3,218.8,51.7,"Africa","Western Africa"
"Nigeria","NGA","NG",2013,360.9,171.83,218.8,52.1,"Africa","Western Africa"
"Nigeria","NGA","NG",2014,336.4,176.46,219.3,52.5,"Africa","Western Africa"
"Nigeria","NGA","NG",2015,290.9,181.18,219.1,53,"Africa","Western Africa"
"Nigeria","NGA","NG",2016,281.5,185.99,218.8,53.4,"Africa","Western Africa"
"Pakistan","PAK","PK",2010,8.6,170.56,275.6,65.1,"Asia","Southern Asia"
"Pakistan","PAK","PK",2011,11.1,174.18,275.6,65.4,"Asia","Southern Asia"
"Pakistan","PAK","PK",2012,9.4,177.91,275.4,65.7,"Asia","Southern Asia"
"Pakistan","PAK","PK",2013,7.9,181.71,275.2,65.9,"Asia","Southern Asia"
"Pakistan","PAK","PK",2014,7.5,185.55,270,66.1,"Asia","Southern Asia"
"Pakistan","PAK","PK",2015,5.3,189.38,269.8,66.3,"Asia","Southern Asia"
"Pakistan","PAK","PK",2016,6.3,193.2,268.1,66.5,"Asia","Southern Asia"
"Panama","PAN","PA",2010,0.1,3.64,52.2,76.8,"Americas","Central America"
"Panama","PAN","PA",2011,0.1,3.71,53.9,77,"Americas","Central America"
"Panama","PAN","PA",2012,0.2,3.77,50.4,77.2,"Americas","Central America"
"Panama","PAN","PA",2013,0.2,3.84,46.9,77.4,"Americas","Central America"
"Panama","PAN","PA",2014,0.3,3.9,46.2,77.6,"Americas","Central America"
"Panama","PAN","PA",2015,0.2,3.97,52.9,77.8,"Americas","Central America"
"Panama","PAN","PA",2016,0.2,4.03,54.6,78,"Americas","Central America"
"Papua New Guinea","PNG","PG",2010,174.5,7.11,436,64.6,"Oceania","Melanesia"
"Papua New Guinea","PNG","PG",2011,143.9,7.27,426.4,64.8,"Oceania","Melanesia"
"Papua New Guinea","PNG","PG",2012,190.4,7.43,430.7,64.9,"Oceania","Melanesia"
"Papua New Guinea","PNG","PG",2013,221,7.59,434.8,65.1,"Oceania","Melanesia"
"Papua New Guinea","PNG","PG",2014,249,7.76,438.1,65.2,"Oceania","Melanesia"
"Papua New Guinea","PNG","PG",2015,134.7,7.92,429.3,65.4,"Oceania","Melanesia"
"Papua New Guinea","PNG","PG",2016,181.7,8.08,433.2,65.5,"Oceania","Melanesia"
"Paraguay","PRY","PY",2010,0.1,6.21,41.9,72.3,"Americas","South America"
"Paraguay","PRY","PY",2011,0,6.29,42.9,72.5,"Americas","South America"
"Paraguay","PRY","PY",2012,0,6.38,43.9,72.6,"Americas","South America"
"Paraguay","PRY","PY",2013,0,6.47,40.2,72.8,"Americas","South America"
"Paraguay","PRY","PY",2014,0,6.55,39.7,72.9,"Americas","South America"
"Paraguay","PRY","PY",2015,0,6.64,40.7,73,"Americas","South America"
"Paraguay","PRY","PY",2016,0,6.73,41.6,73.1,"Americas","South America"
"Peru","PER","PE",2010,3.2,29.37,132.8,73.7,"Americas","South America"
"Peru","PER","PE",2011,2.6,29.76,131,73.9,"Americas","South America"
"Peru","PER","PE",2012,3.3,30.16,122.7,74.1,"Americas","South America"
"Peru","PER","PE",2013,5.1,30.57,121,74.3,"Americas","South America"
"Peru","PER","PE",2014,6.7,30.97,122.7,74.5,"Americas","South America"
"Peru","PER","PE",2015,7.4,31.38,117.9,74.7,"Americas","South America"
"Peru","PER","PE",2016,5.7,31.77,116.5,75,"Americas","South America"
"Philippines","PHL","PH",2010,1,93.73,531.3,68.3,"Asia","South-eastern Asia"
"Philippines","PHL","PH",2011,0.4,95.28,535.3,68.4,"Asia","South-eastern Asia"
"Philippines","PHL","PH",2012,0.3,96.87,538.9,68.6,"Asia","South-eastern Asia"
"Philippines","PHL","PH",2013,0.3,98.48,542.2,68.7,"Asia","South-eastern Asia"
"Philippines","PHL","PH",2014,0.2,100.1,546.5,68.8,"Asia","South-eastern Asia"
"Philippines","PHL","PH",2015,0.4,101.72,550.5,69,"Asia","South-eastern Asia"
"Philippines","PHL","PH",2016,0.3,103.32,554.6,69.1,"Asia","South-eastern Asia"
"Republic of Korea","KOR","KR",2010,0.4,49.55,94.9,80.1,"Asia","Eastern Asia"
"Republic of Korea","KOR","KR",2011,0.2,49.74,98.5,80.6,"Asia","Eastern Asia"
"Republic of Korea","KOR","KR",2012,0.1,49.95,94.1,80.8,"Asia","Eastern Asia"
"Republic of Korea","KOR","KR",2013,0.1,50.17,87.7,81.3,"Asia","Eastern Asia"
"Republic of Korea","KOR","KR",2014,0.2,50.39,85.3,81.7,"Asia","Eastern Asia"
"Republic of Korea","KOR","KR",2015,0.2,50.59,79.1,82,"Asia","Eastern Asia"
"Republic of Korea","KOR","KR",2016,0.2,50.79,76.8,82,"Asia","Eastern Asia"
"Rwanda","RWA","RW",2010,123,10.25,87.8,63.1,"Africa","Eastern Africa"
"Rwanda","RWA","RW",2011,38.2,10.52,81.7,64.1,"Africa","Eastern Africa"
"Rwanda","RWA","RW",2012,69.4,10.79,75.1,64.9,"Africa","Eastern Africa"
"Rwanda","RWA","RW",2013,117.9,11.07,68.7,65.6,"Africa","Eastern Africa"
"Rwanda","RWA","RW",2014,212,11.35,62.6,66.2,"Africa","Eastern Africa"
"Rwanda","RWA","RW",2015,326.7,11.63,56.7,66.7,"Africa","Eastern Africa"
"Rwanda","RWA","RW",2016,554.5,11.92,50.3,67.1,"Africa","Eastern Africa"
"Sao Tome and Principe","STP","ST",2010,15.7,0.17,100,65.9,"Africa","Middle Africa"
"Sao Tome and Principe","STP","ST",2011,47.2,0.18,94.4,66,"Africa","Middle Africa"
"Sao Tome and Principe","STP","ST",2012,68.6,0.18,94.4,66.1,"Africa","Middle Africa"
"Sao Tome and Principe","STP","ST",2013,49.4,0.19,89.5,66.2,"Africa","Middle Africa"
"Sao Tome and Principe","STP","ST",2014,9.2,0.19,100,66.4,"Africa","Middle Africa"
"Sao Tome and Principe","STP","ST",2015,10.5,0.2,95,66.5,"Africa","Middle Africa"
"Sao Tome and Principe","STP","ST",2016,11.2,0.2,100,66.6,"Africa","Middle Africa"
"Saudi Arabia","SAU","SA",2010,0,27.43,18.6,73.6,"Asia","Western Asia"
"Saudi Arabia","SAU","SA",2011,0,28.24,15.9,73.7,"Asia","Western Asia"
"Saudi Arabia","SAU","SA",2012,0,29.09,14.4,73.9,"Asia","Western Asia"
"Saudi Arabia","SAU","SA",2013,0,29.94,13.4,74.1,"Asia","Western Asia"
"Saudi Arabia","SAU","SA",2014,0,30.78,12,74.2,"Asia","Western Asia"
"Saudi Arabia","SAU","SA",2015,0,31.56,12,74.4,"Asia","Western Asia"
"Saudi Arabia","SAU","SA",2016,0.1,32.28,10.2,74.6,"Asia","Western Asia"
"Senegal","SEN","SN",2010,61.4,12.92,139.3,64.2,"Africa","Western Africa"
"Senegal","SEN","SN",2011,53.3,13.3,135.3,64.8,"Africa","Western Africa"
"Senegal","SEN","SN",2012,60.9,13.7,138.7,65.4,"Africa","Western Africa"
"Senegal","SEN","SN",2013,79.8,14.12,134.6,65.9,"Africa","Western Africa"
"Senegal","SEN","SN",2014,46.3,14.55,137.5,66.4,"Africa","Western Africa"
"Senegal","SEN","SN",2015,78.5,14.98,140.2,66.8,"Africa","Western Africa"
"Senegal","SEN","SN",2016,54.3,15.41,142.8,67.1,"Africa","Western Africa"
"Sierra Leone","SLE","SL",2010,469.4,6.46,309.6,48.2,"Africa","Western Africa"
"Sierra Leone","SLE","SL",2011,454.8,6.61,317.7,49,"Africa","Western Africa"
"Sierra Leone","SLE","SL",2012,421.1,6.77,310.2,49.8,"Africa","Western Africa"
"Sierra Leone","SLE","SL",2013,392.6,6.92,317.9,50.4,"Africa","Western Africa"
"Sierra Leone","SLE","SL",2014,379.1,7.08,310.7,51,"Africa","Western Africa"
"Sierra Leone","SLE","SL",2015,376.9,7.24,303.9,51.4,"Africa","Western Africa"
"Sierra Leone","SLE","SL",2016,378,7.4,297.3,51.8,"Africa","Western Africa"
"Solomon Islands","SLB","SB",2010,175,0.53,79.2,68.6,"Oceania","Melanesia"
"Solomon Islands","SLB","SB",2011,117.3,0.54,92.6,69,"Oceania","Melanesia"
"Solomon Islands","SLB","SB",2012,95.6,0.55,81.8,69.4,"Oceania","Melanesia"
"Solomon Islands","SLB","SB",2013,96.2,0.56,80.4,69.8,"Oceania","Melanesia"
"Solomon Islands","SLB","SB",2014,53.7,0.58,74.1,70.1,"Oceania","Melanesia"
"Solomon Islands","SLB","SB",2015,68.6,0.59,88.1,70.4,"Oceania","Melanesia"
"Solomon Islands","SLB","SB",2016,142.3,0.6,83.3,70.7,"Oceania","Melanesia"
"Somalia","SOM","SO",2010,29.6,12.05,282.2,54,"Africa","Eastern Africa"
"Somalia","SOM","SO",2011,24.3,12.4,282.3,54.3,"Africa","Eastern Africa"
"Somalia","SOM","SO",2012,24.4,12.76,282.1,54.7,"Africa","Eastern Africa"
"Somalia","SOM","SO",2013,27.9,13.13,281.8,55.1,"Africa","Eastern Africa"
"Somalia","SOM","SO",2014,31.9,13.51,273.9,55.5,"Africa","Eastern Africa"
"Somalia","SOM","SO",2015,37,13.91,273.2,55.9,"Africa","Eastern Africa"
"Somalia","SOM","SO",2016,36.9,14.32,272.3,56.3,"Africa","Eastern Africa"
"South Africa","ZAF","ZA",2010,1.6,51.58,948,55.9,"Africa","Southern Africa"
"South Africa","ZAF","ZA",2011,1.9,52.26,922.3,57.2,"Africa","Southern Africa"
"South Africa","ZAF","ZA",2012,1.1,53,892.5,58.5,"Africa","Southern Africa"
"South Africa","ZAF","ZA",2013,1.6,53.77,859.2,59.8,"Africa","Southern Africa"
"South Africa","ZAF","ZA",2014,2.1,54.54,834.3,61,"Africa","Southern Africa"
"South Africa","ZAF","ZA",2015,0.2,55.29,806.7,62,"Africa","Southern Africa"
"South Africa","ZAF","ZA",2016,0.8,56.02,781.9,62.8,"Africa","Southern Africa"
NA,"SSD",NA,2010,192.7,NA,NA,NA,NA,NA
"South Sudan","SSD","SS",2011,185.6,10.45,143.5,54.2,"Africa","Eastern Africa"
"South Sudan","SSD","SS",2012,168.1,10.82,147.9,54.8,"Africa","Eastern Africa"
"South Sudan","SSD","SS",2013,152.7,11.18,143.1,55.3,"Africa","Eastern Africa"
"South Sudan","SSD","SS",2014,144.7,11.53,147.4,55.8,"Africa","Eastern Africa"
"South Sudan","SSD","SS",2015,151.9,11.88,143.1,56.3,"Africa","Eastern Africa"
"South Sudan","SSD","SS",2016,142.2,12.23,147.2,56.8,"Africa","Eastern Africa"
"Sri Lanka","LKA","LK",2010,0.2,20.2,64.4,74.4,"Asia","Southern Asia"
"Sri Lanka","LKA","LK",2011,0,20.32,64,74.5,"Asia","Southern Asia"
"Sri Lanka","LKA","LK",2012,0,20.42,68.6,74.6,"Asia","Southern Asia"
"Sri Lanka","LKA","LK",2013,0,20.53,68.2,74.7,"Asia","Southern Asia"
"Sri Lanka","LKA","LK",2014,0,20.62,63,74.9,"Asia","Southern Asia"
"Sri Lanka","LKA","LK",2015,0,20.71,62.8,75.1,"Asia","Southern Asia"
"Sri Lanka","LKA","LK",2016,0,20.8,62.5,75.3,"Asia","Southern Asia"
"Sudan","SDN","SD",2010,28,44.45,108,62.6,"Africa","Northern Africa"
"Sudan","SDN","SD",2011,27.1,35.17,105.2,63,"Africa","Northern Africa"
"Sudan","SDN","SD",2012,27.6,35.99,102.8,63.4,"Africa","Northern Africa"
"Sudan","SDN","SD",2013,30.3,36.85,100.4,63.7,"Africa","Northern Africa"
"Sudan","SDN","SD",2014,34.3,37.74,92.7,64,"Africa","Northern Africa"
"Sudan","SDN","SD",2015,38.2,38.65,88,64.3,"Africa","Northern Africa"
"Sudan","SDN","SD",2016,37.5,39.58,80.8,64.5,"Africa","Northern Africa"
"Suriname","SUR","SR",2010,22,0.53,45.3,70.3,"Americas","South America"
"Suriname","SUR","SR",2011,9.8,0.53,30.2,70.6,"Americas","South America"
"Suriname","SUR","SR",2012,4.5,0.54,29.6,70.8,"Americas","South America"
"Suriname","SUR","SR",2013,9.1,0.54,33.3,71,"Americas","South America"
"Suriname","SUR","SR",2014,5,0.55,32.7,71.1,"Americas","South America"
"Suriname","SUR","SR",2015,1,0.55,32.7,71.3,"Americas","South America"
"Suriname","SUR","SR",2016,0.9,0.56,25,71.4,"Americas","South America"
"Swaziland","SWZ","SZ",2010,0.8,1.2,1250,51.6,"Africa","Southern Africa"
"Swaziland","SWZ","SZ",2011,1.6,1.23,1056.9,52.9,"Africa","Southern Africa"
"Swaziland","SWZ","SZ",2012,1.6,1.25,880,54.2,"Africa","Southern Africa"
"Swaziland","SWZ","SZ",2013,2.7,1.27,787.4,55.3,"Africa","Southern Africa"
"Swaziland","SWZ","SZ",2014,2,1.3,646.2,56.3,"Africa","Southern Africa"
"Swaziland","SWZ","SZ",2015,0.4,1.32,484.8,57.1,"Africa","Southern Africa"
"Swaziland","SWZ","SZ",2016,0.9,1.34,403,57.8,"Africa","Southern Africa"
"Tajikistan","TJK","TJ",2010,0,7.64,128.3,69.6,"Asia","Central Asia"
"Tajikistan","TJK","TJ",2011,0,7.82,116.4,70,"Asia","Central Asia"
"Tajikistan","TJK","TJ",2012,0,8,107.5,70.2,"Asia","Central Asia"
"Tajikistan","TJK","TJ",2013,0,8.18,99,70.5,"Asia","Central Asia"
"Tajikistan","TJK","TJ",2014,0,8.36,90.9,70.7,"Asia","Central Asia"
"Tajikistan","TJK","TJ",2015,0,8.55,86.5,70.9,"Asia","Central Asia"
"Tajikistan","TJK","TJ",2016,0,8.73,85.9,71.1,"Asia","Central Asia"
"Thailand","THA","TH",2010,2.5,67.21,181.5,73.9,"Asia","South-eastern Asia"
"Thailand","THA","TH",2011,1.9,67.53,176.2,74.2,"Asia","South-eastern Asia"
"Thailand","THA","TH",2012,2.5,67.84,172.5,74.4,"Asia","South-eastern Asia"
"Thailand","THA","TH",2013,2.6,68.14,170.2,74.7,"Asia","South-eastern Asia"
"Thailand","THA","TH",2014,2.9,68.42,171,74.9,"Asia","South-eastern Asia"
"Thailand","THA","TH",2015,1.3,68.66,171.9,75.1,"Asia","South-eastern Asia"
"Thailand","THA","TH",2016,1,68.86,172.8,75.3,"Asia","South-eastern Asia"
"Timor-Leste","TLS","TL",2010,550.1,1.11,495.5,67.3,"Asia","South-eastern Asia"
"Timor-Leste","TLS","TL",2011,172.2,1.13,495.6,67.6,"Asia","South-eastern Asia"
"Timor-Leste","TLS","TL",2012,39.8,1.16,500,67.8,"Asia","South-eastern Asia"
"Timor-Leste","TLS","TL",2013,8.5,1.18,500,68,"Asia","South-eastern Asia"
"Timor-Leste","TLS","TL",2014,2.8,1.21,495.9,68.3,"Asia","South-eastern Asia"
"Timor-Leste","TLS","TL",2015,0.7,1.24,500,68.6,"Asia","South-eastern Asia"
"Timor-Leste","TLS","TL",2016,0.7,1.27,496.1,68.9,"Asia","South-eastern Asia"
"Togo","TGO","TG",2010,364,6.5,75.4,57.5,"Africa","Western Africa"
"Togo","TGO","TG",2011,351.9,6.68,73.4,58.1,"Africa","Western Africa"
"Togo","TGO","TG",2012,349.9,6.86,70,58.7,"Africa","Western Africa"
"Togo","TGO","TG",2013,352.7,7.04,63.9,59.2,"Africa","Western Africa"
"Togo","TGO","TG",2014,363.3,7.23,58.1,59.6,"Africa","Western Africa"
"Togo","TGO","TG",2015,377.6,7.42,52.6,59.9,"Africa","Western Africa"
"Togo","TGO","TG",2016,376.4,7.61,46,60.2,"Africa","Western Africa"
"Turkey","TUR","TR",2010,0,72.33,24.9,74.2,"Asia","Western Asia"
"Turkey","TUR","TR",2011,0,73.41,23.2,74.4,"Asia","Western Asia"
"Turkey","TUR","TR",2012,0,74.57,21.5,74.7,"Asia","Western Asia"
"Turkey","TUR","TR",2013,0,75.79,19.8,75,"Asia","Western Asia"
"Turkey","TUR","TR",2014,0,77.03,19.5,75.2,"Asia","Western Asia"
"Turkey","TUR","TR",2015,0,78.27,17.9,75.5,"Asia","Western Asia"
"Turkey","TUR","TR",2016,0,79.51,17.6,75.8,"Asia","Western Asia"
"Uganda","UGA","UG",2010,339.2,33.92,209.3,57.2,"Africa","Eastern Africa"
"Uganda","UGA","UG",2011,304.5,35.09,208,57.8,"Africa","Eastern Africa"
"Uganda","UGA","UG",2012,249.9,36.31,203.8,58.3,"Africa","Eastern Africa"
"Uganda","UGA","UG",2013,197.3,37.55,202.4,58.8,"Africa","Eastern Africa"
"Uganda","UGA","UG",2014,181.3,38.83,203.5,59.2,"Africa","Eastern Africa"
"Uganda","UGA","UG",2015,203.8,40.14,201.8,59.6,"Africa","Eastern Africa"
"Uganda","UGA","UG",2016,203.1,41.49,200,59.9,"Africa","Eastern Africa"
"United Republic of Tanzania","TZA","TZ",2010,142,46.1,425.2,60.9,"Africa","Eastern Africa"
"United Republic of Tanzania","TZA","TZ",2011,132.4,47.57,401.5,61.7,"Africa","Eastern Africa"
"United Republic of Tanzania","TZA","TZ",2012,119.2,49.08,376.9,62.5,"Africa","Eastern Africa"
"United Republic of Tanzania","TZA","TZ",2013,114.4,50.64,335.7,63.3,"Africa","Eastern Africa"
"United Republic of Tanzania","TZA","TZ",2014,113.5,52.23,327.4,64.2,"Africa","Eastern Africa"
"United Republic of Tanzania","TZA","TZ",2015,112.9,53.88,306.2,65,"Africa","Eastern Africa"
"United Republic of Tanzania","TZA","TZ",2016,113.7,55.57,287.9,65.7,"Africa","Eastern Africa"
"Uzbekistan","UZB","UZ",2010,0.1,28.61,97.9,70,"Asia","Central Asia"
"Uzbekistan","UZB","UZ",2011,0,29.07,92.9,70.3,"Asia","Central Asia"
"Uzbekistan","UZB","UZ",2012,0,29.54,88,70.6,"Asia","Central Asia"
"Uzbekistan","UZB","UZ",2013,0,30.02,86.6,70.8,"Asia","Central Asia"
"Uzbekistan","UZB","UZ",2014,0,30.5,82,71,"Asia","Central Asia"
"Uzbekistan","UZB","UZ",2015,0,30.98,80.7,71.2,"Asia","Central Asia"
"Uzbekistan","UZB","UZ",2016,0,31.45,76.3,71.3,"Asia","Central Asia"
"Vanuatu","VUT","VU",2010,66.4,0.24,66.7,70.7,"Oceania","Melanesia"
"Vanuatu","VUT","VU",2011,48.2,0.24,66.7,71,"Oceania","Melanesia"
"Vanuatu","VUT","VU",2012,34,0.25,64,71.2,"Oceania","Melanesia"
"Vanuatu","VUT","VU",2013,21.1,0.25,64,71.5,"Oceania","Melanesia"
"Vanuatu","VUT","VU",2014,9.4,0.26,61.5,71.7,"Oceania","Melanesia"
"Vanuatu","VUT","VU",2015,3,0.26,65.4,71.9,"Oceania","Melanesia"
"Vanuatu","VUT","VU",2016,15.5,0.27,55.6,72.1,"Oceania","Melanesia"
"Venezuela (Bolivarian Republic of)","VEN","VE",2010,5.8,29.03,27.9,73.6,"Americas","South America"
"Venezuela (Bolivarian Republic of)","VEN","VE",2011,5.8,29.46,26.8,73.7,"Americas","South America"
"Venezuela (Bolivarian Republic of)","VEN","VE",2012,6.6,29.89,27.1,73.9,"Americas","South America"
"Venezuela (Bolivarian Republic of)","VEN","VE",2013,9.7,30.32,27,74,"Americas","South America"
"Venezuela (Bolivarian Republic of)","VEN","VE",2014,10.9,30.74,26,74.2,"Americas","South America"
"Venezuela (Bolivarian Republic of)","VEN","VE",2015,16.2,31.16,28.6,74.4,"Americas","South America"
"Venezuela (Bolivarian Republic of)","VEN","VE",2016,28.2,31.57,31.7,74.5,"Americas","South America"
"Viet Nam","VNM","VN",2010,0.4,88.47,154.9,75.1,"Asia","South-eastern Asia"
"Viet Nam","VNM","VN",2011,0.3,89.44,150.9,75.3,"Asia","South-eastern Asia"
"Viet Nam","VNM","VN",2012,0.4,90.45,147,75.5,"Asia","South-eastern Asia"
"Viet Nam","VNM","VN",2013,0.3,91.5,144.3,75.7,"Asia","South-eastern Asia"
"Viet Nam","VNM","VN",2014,0.3,92.54,140.5,75.9,"Asia","South-eastern Asia"
"Viet Nam","VNM","VN",2015,0.2,93.57,136.8,76.1,"Asia","South-eastern Asia"
"Viet Nam","VNM","VN",2016,0.1,94.57,133.2,76.3,"Asia","South-eastern Asia"
"Yemen","YEM","YE",2010,61.7,23.61,50.8,63.5,"Asia","Western Asia"
"Yemen","YEM","YE",2011,42,24.25,49.5,63.8,"Asia","Western Asia"
"Yemen","YEM","YE",2012,43.8,24.91,48.2,64,"Asia","Western Asia"
"Yemen","YEM","YE",2013,35.5,25.58,46.9,64.3,"Asia","Western Asia"
"Yemen","YEM","YE",2014,57.2,26.25,49.5,64.5,"Asia","Western Asia"
"Yemen","YEM","YE",2015,48.8,26.92,48.3,64.7,"Asia","Western Asia"
"Yemen","YEM","YE",2016,37.6,27.58,47.1,65,"Asia","Western Asia"
"Zambia","ZMB","ZM",2010,156.6,13.85,498.2,56.6,"Africa","Eastern Africa"
"Zambia","ZMB","ZM",2011,161.1,14.26,476.9,57.9,"Africa","Eastern Africa"
"Zambia","ZMB","ZM",2012,182.4,14.7,455.8,59,"Africa","Eastern Africa"
"Zambia","ZMB","ZM",2013,221.4,15.15,435.6,60,"Africa","Eastern Africa"
"Zambia","ZMB","ZM",2014,226.3,15.62,403.3,60.8,"Africa","Eastern Africa"
"Zambia","ZMB","ZM",2015,207.9,16.1,391.3,61.4,"Africa","Eastern Africa"
"Zambia","ZMB","ZM",2016,204.2,16.59,373.7,61.9,"Africa","Eastern Africa"
"Zimbabwe","ZWE","ZW",2010,98.7,14.09,418.7,53,"Africa","Eastern Africa"
"Zimbabwe","ZWE","ZW",2011,63.4,14.39,382.2,54.8,"Africa","Eastern Africa"
"Zimbabwe","ZWE","ZW",2012,51.1,14.71,353.5,56.5,"Africa","Eastern Africa"
"Zimbabwe","ZWE","ZW",2013,72.9,15.05,305.6,58.1,"Africa","Eastern Africa"
"Zimbabwe","ZWE","ZW",2014,90.1,15.41,279,59.4,"Africa","Eastern Africa"
"Zimbabwe","ZWE","ZW",2015,87.1,15.78,240.8,60.4,"Africa","Eastern Africa"
"Zimbabwe","ZWE","ZW",2016,58.2,16.15,210.5,61.2,"Africa","Eastern Africa"
